{
  "recall_at_10": 0.0031645569620253164,
  "ndcg_at_10": 0.0012242177444131063,
  "ips_ndcg_at_10": 0.0013101200529373577,
  "model_version": "demo-synthetic-v1"
}