{
  "recall_at_10": 0.011562464530598235,
  "ndcg_at_10": 0.020678779513049052,
  "ips_ndcg_at_10": 0.020071013984774476,
  "model_version": "movielens-25m-v1"
}